Username,Scraped Link,Bio
Aaren,http://clickseomarketing.com/seo-services-alberta/,
Aaron,,
Abagail,,
Abahri,,
Abbas,,
Abbe,,
Abbey,,
Abbi,,
Abbie,,
Abby,,
Abbye,,
Abdalla,,
Abdallah,,
Abdul,,
Abdullah,,
Abe,,
Abel,,
Abigail,,
Abigale,,
Abra,,
Abraham,,
Abu,,
Access,,
Achal,,
Action,,
Ada,,
Adah,,
Adaline,,
Adam,,
Adan,,
Adara,,
Adda,,
Addi,Berlin,
Addie,,
Addons,,
Addy,,
Adel,,
Adela,http://www.farum.pl/Ratownictwo/Defibrylatory/,defibrylator ratunkowy
Adelaide,Salisbury http://adelaideecobins.com.au/,"Adelaide Eco Bins, the top bins in Adelaide, provides commercial and industrial Waste Removal service. Learn how to get the Adelaide eco bins services."
Adele,,
Adelia,,
Adelina,,
Adeline,,
Adella,,
Adelle,,
Adena,,
Adeniyi,,
Adey,,
Adi,,
Adie,,
Adina,,
Aditya,,
Adnan,,
Adora,,
Adore,,
Adrea,,
Adri,,
Adria,,
Adrian,,
Adriana,,
Adriane,,
Adrianna,,
Adrianne,,
Adrie,,
Adrien,,
Adriena,City of Angels,
Adrienne,,
Advance,U.S.,
Aeriel,,
Afif,,
Afke,,
Afton,,
Afzal,Pakistan,i am intrested in currencies and commodities like oil and gold
Agace,,
Agata,,
Agatha,,
Agathe,,
Aggi,,
Aggie,,
Aggy,,
Agnes,"Oregon,USA http://WwW.Backcountryrentals.ca/",Hi!!! I am Agnes and I work as the Researcher.
Agnese,,
Agneta,,
Ahmad,,
Ahmed,,
Ahmet,,
Aida,,
Aidan,,
Aideen,,
Aiden,,
Aila,,
Aile,,
Ailee,,
Aileen,,
Aili,,
Ailis,,
Ailyn,,
Aime,,
Aimee,,
Ainsley,,
Air,,
Ajay,,
Ajit,Mumbai,"Equity Trader in NYSE,AMEX,NASDAQ"
Ajmal,,
Ajoy,,
Akemi,,
Akin,,
Akio,,
Akira,,
Akram,Almaty,In the way for value investing
Akshay,,
Aladin,,
Alain,,
Alaine,,
Alameda,,
Alan,,
Alana,,
Alane,,
Alanna,,
Alasdair,,
Alastair,,
Alayne,,
Alb,http://seismic.com,"Business Minded, Technically Inclined. Entrepreneur. Player of Volleyball."
Albert,,
Alberta,,
Albertina,,
Albertine,,
Albina,http://powidlo.pl/6-porcelana-i-szklo,porcelana kuchenna
Albrecht,,
Aldo,,
Alec,,
Alecia,,
Aleen,,
Alejandra,,
Alejandrina,,
Alena,Rayleigh http://www.albarose.com,"Hi, I'm Alena a sweet girl with jewellery addiction. I mostly prefer jewellery of Thomas sabo charms, as they are known for their eye-catching and beautiful designs."
Alene,,
Alessandra,,
Aleta,,
Alethea,,
Alev,,
Alex,,
Alexa,,
Alexander,,
Alexandra,,
Alexandru,,
Alexi,,
Alexia,,
Alexis,,
Alf,,
Alfi,,
Alfie,,
Alfons,,
Alfonso,,
Alfonzo,None,
Alfred,,
Alfreda,,
Alfredo,Canada,
Alfy,,
Ali,Chantilly,Civil Engineer
Alia,,
Alica,,
Alice,,
Alicea,,
Alicia,,
Alida,,
Alidia,,
Alie,,
Alika,,
Alina,,
Aline,,
Alis,,
Alisa,,
Alisha,,
Alison,,
Alissa,,
Alix,,Play at your own discretion ('PAOD')
Aliza,,
Alka,,
Alkarim,,
Alla,,
Allan,,
Allegra,,
Allen,,
Allene,"1887 Lynn Avenue Vesper, WI 54489 http://variety.com/2017/music/news/primary-wave-music-talent-management-head-steven-greener-1202532333/",Primary Wave Entertainment
Alli,,
Allie,,
Allina,,
Allis,,
Allison,NYC,Day-trader primarily on Momentum for Hi-Beta stocks. TSLA GOOG SCTY PCLN FIT ISRG AMZN ******Do request help in reading CHARTS ************
Allissa,,
Allister,,
Allix,,
Allx,,
Ally,,
Allyn,,
Allys,,
Allyson,,
Alma,,
Almeria,,
Almira,,Forex Trader since 2006.
Alnoor,,
Alok,,
Alora,,
Aloysia,,
Alp,,
Alparslan,,
Alphonso,,
Alpine,,
Alta,,
Altay,,
Althea,,
Alvaro,,
Alverta,,
Alvin,,
Alvina,,
Alwyn,,
Aly,,
Alyce,,
Alys,,
Alysa,,
Alyse,,
Alysia,,
Alyson,,
Alyss,,
Alyssa,,
Amalia,,
Amalie,,
Amand,,
Amanda,,
Amandi,,
Amando,,
Amant,,
Amara,,Here to learn and grow from experienced and good stock traders
Amargo,,
Amarjit,,
Amata,,
Amato,,
Amber,,
Amberly,http://www.cadvalves.pl/,No-Fuss Advice In armature Simplified zawory kulowe
Ambur,,
Ame,,
Amelia,,
Amelie,,
America,,
Ami,,
Amie,Plantation,
Amii,,
Amil,,
Amina,,
Amir,,
Amit,,
Amitie,,
Amity,,
Amjad,,
Ammar,,
Amnish,,
Amnon,,
Amos,,
Amour,,
Amparo,,
Amrik,,
Amrish,,
Amy,,
Amye,,
Ana,,
Anabel,,
Anabella,,
Anabelle,,
Anader,,
Anand,,
Anantha,,
Anastasia,,
Anatoli,,
Anatoly,,
Anda,,
Andee,,
Anders,,
Anderson,,
Andi,,
Andie,,
Andra,,
Andras,,
Andre,,
Andrea,,
Andreas,Australia http://www.lienemann.info,
Andree,,
Andrei,,
Andrejs,,
Andres,,
Andrew,,
Andria,http://provinciadipotenza.blog365.ovh,http://provinciadipotenza.blog365.ovh
Andriana,,
Andrzej,,
Andy,"Bristol, UK",
Anet,,"Trading with mainly indices, ETFs and commodities. Rarely do individual stocks"
